{
  "overview": {
    "class": "org.openhab.core.ui.components.RootUIComponent",
    "value": {
      "uid": "overview",
      "timestamp": "Jul 2, 2021, 5:54:58 PM",
      "component": "oh-layout-page",
      "config": {
        "label": "Overview",
        "layoutType": "responsive"
      },
      "slots": {
        "default": [
          {
            "component": "oh-block",
            "config": {},
            "slots": {
              "default": [
                {
                  "component": "oh-grid-cells",
                  "config": {},
                  "slots": {
                    "default": [
                      {
                        "component": "oh-label-cell",
                        "config": {
                          "trendItem": "TemperatureStocker",
                          "action": "analyzer",
                          "actionAnalyzerItems": [
                            "TemperatureStocker"
                          ],
                          "item": "TemperatureStocker",
                          "title": "Temperature Stocker",
                          "stateAsHeader": true,
                          "expandable": false
                        }
                      },
                      {
                        "component": "oh-slider-cell",
                        "config": {
                          "item": "SonoOff_Sonoff"
                        }
                      }
                    ]
                  }
                },
                {
                  "component": "oh-grid-cells",
                  "config": {},
                  "slots": {
                    "default": []
                  }
                }
              ]
            }
          }
        ]
      }
    }
  }
}