{
  "page_89a345eb68": {
    "class": "org.openhab.core.ui.components.RootUIComponent",
    "value": {
      "uid": "page_89a345eb68",
      "tags": [],
      "timestamp": "Jul 2, 2021, 5:50:38 PM",
      "component": "Sitemap",
      "config": {
        "label": "New Sitemap",
        "icon": ""
      },
      "slots": {
        "widgets": [
          {
            "component": "Switch",
            "config": {
              "icon": "switch",
              "item": "SonoOff_Sonoff",
              "mappings": [
                ""
              ]
            }
          },
          {
            "component": "Chart",
            "config": {
              "icon": "temperature",
              "item": "TemperatureStocker"
            }
          }
        ]
      }
    }
  }
}