{
  "Bewery4.0": {
    "class": "org.openhab.core.ui.components.RootUIComponent",
    "value": {
      "uid": "Bewery4.0",
      "timestamp": "Jul 15, 2021, 10:55:31 AM",
      "component": "panelconfiguration",
      "config": {
        "menucolumns": 2.0,
        "default": false,
        "settings": {
          "theme": "default"
        }
      },
      "slots": {
        "dashboards": [
          {
            "component": "dashboard",
            "config": {
              "id": "Stockerhouse",
              "name": "Stockerhouse",
              "row": 3.0,
              "col": 0.0,
              "tile": {
                "background_image": "https://www.workservice.net/v2/wp-content/uploads/2017/03/capannone-1080x600.jpg",
                "title_color": "#FFCC00",
                "no_click_feedback": false
              },
              "sizeX": 1.0,
              "sizeY": 3.0,
              "columns": 16.0
            },
            "slots": {
              "widgets": [
                {
                  "component": "dummy",
                  "config": {
                    "name": "Temperature",
                    "sizeX": 4.0,
                    "sizeY": 4.0,
                    "item": "temperaturestocker",
                    "row": 2.0,
                    "col": 0.0,
                    "font_size": "35",
                    "nolinebreak": false,
                    "useserverformat": true,
                    "iconset": "eclipse-smarthome-classic",
                    "icon": "temperature",
                    "icon_size": "70",
                    "icon_nolinebreak": false,
                    "icon_replacestext": false
                  }
                },
                {
                  "component": "dummy",
                  "config": {
                    "name": "Light",
                    "sizeX": 4.0,
                    "sizeY": 4.0,
                    "item": "lightSensor",
                    "row": 2.0,
                    "col": 8.0,
                    "font_size": "35",
                    "unit": "%",
                    "useserverformat": false,
                    "backdrop_iconset": "eclipse-smarthome-classic",
                    "backdrop_icon": "slider",
                    "iconset": "eclipse-smarthome-classic",
                    "icon": "slider",
                    "icon_size": "70"
                  }
                },
                {
                  "component": "dummy",
                  "config": {
                    "name": "Humidity",
                    "sizeX": 4.0,
                    "sizeY": 4.0,
                    "item": "humidityStocker",
                    "font_size": "35",
                    "nolinebreak": false,
                    "unit": "%",
                    "useserverformat": false,
                    "iconset": "eclipse-smarthome-classic",
                    "icon": "humidity",
                    "icon_size": "70",
                    "icon_nolinebreak": false,
                    "icon_replacestext": false,
                    "row": 2.0,
                    "col": 4.0
                  }
                },
                {
                  "component": "button",
                  "config": {
                    "name": "LIGHT UPDATE",
                    "sizeX": 2.0,
                    "sizeY": 2.0,
                    "item": "LightUpdateStocker",
                    "row": 6.0,
                    "col": 10.0,
                    "command": "ON",
                    "iconset": "smarthome-set",
                    "icon": "power-button",
                    "icon_size": 32.0,
                    "icon_nolinebreak": false,
                    "icon_replacestext": false,
                    "action_type": "toggle",
                    "command_alt": "ON"
                  }
                },
                {
                  "component": "button",
                  "config": {
                    "name": "LIGHT OBSERVER",
                    "sizeX": 2.0,
                    "sizeY": 2.0,
                    "item": "LightObserve",
                    "action_type": "toggle",
                    "command": "ON",
                    "command_alt": "OFF",
                    "backdrop_center": true,
                    "iconset": "eclipse-smarthome-classic",
                    "icon": "switch",
                    "icon_size": "35",
                    "row": 6.0,
                    "col": 8.0
                  }
                },
                {
                  "component": "button",
                  "config": {
                    "name": "HUMIDITY OBSERVER",
                    "sizeX": 2.0,
                    "sizeY": 2.0,
                    "item": "HumidityObserve",
                    "action_type": "toggle",
                    "command": "ON",
                    "command_alt": "OFF",
                    "backdrop_center": true,
                    "iconset": "eclipse-smarthome-classic",
                    "icon": "switch",
                    "icon_size": "35",
                    "row": 6.0,
                    "col": 4.0
                  }
                },
                {
                  "component": "button",
                  "config": {
                    "name": "FIRE OBSERVER",
                    "sizeX": 2.0,
                    "sizeY": 2.0,
                    "item": "FireObserve",
                    "action_type": "toggle",
                    "command": "ON",
                    "command_alt": "OFF",
                    "backdrop_center": true,
                    "iconset": "eclipse-smarthome-classic",
                    "icon": "switch",
                    "icon_size": "35",
                    "row": 6.0,
                    "col": 12.0
                  }
                },
                {
                  "component": "button",
                  "config": {
                    "name": "HUMIDITY UPDATE",
                    "sizeX": 2.0,
                    "sizeY": 2.0,
                    "item": "HumidityUpdateStocker",
                    "command": "ON",
                    "iconset": "smarthome-set",
                    "icon": "power-button",
                    "icon_size": 32.0,
                    "icon_nolinebreak": false,
                    "icon_replacestext": false,
                    "row": 6.0,
                    "col": 6.0,
                    "action_type": "toggle",
                    "command_alt": "ON"
                  }
                },
                {
                  "component": "button",
                  "config": {
                    "name": "FIRE UPDATE",
                    "sizeX": 2.0,
                    "sizeY": 2.0,
                    "item": "FireUpdateStocker",
                    "command": "ON",
                    "iconset": "smarthome-set",
                    "icon": "power-button",
                    "icon_size": 32.0,
                    "icon_nolinebreak": false,
                    "icon_replacestext": false,
                    "row": 6.0,
                    "col": 14.0,
                    "action_type": "toggle",
                    "command_alt": "ON"
                  }
                },
                {
                  "component": "button",
                  "config": {
                    "name": "TEMPERATURE UPDATE",
                    "sizeX": 2.0,
                    "sizeY": 2.0,
                    "item": "TemperatureUpdateStocker",
                    "command": "ON",
                    "iconset": "smarthome-set",
                    "icon": "power-button",
                    "icon_size": 32.0,
                    "icon_nolinebreak": false,
                    "icon_replacestext": false,
                    "row": 6.0,
                    "col": 2.0,
                    "action_type": "toggle",
                    "command_alt": "ON"
                  }
                },
                {
                  "component": "dummy",
                  "config": {
                    "name": "Fire Alarm",
                    "sizeX": 4.0,
                    "sizeY": 4.0,
                    "item": "fireSensor",
                    "row": 2.0,
                    "col": 12.0,
                    "font_size": "35",
                    "backdrop_iconset": "eclipse-smarthome-classic",
                    "backdrop_icon": "fire",
                    "backdrop_center": true,
                    "iconset": "eclipse-smarthome-classic",
                    "icon": "fire",
                    "icon_size": "70"
                  }
                },
                {
                  "component": "button",
                  "config": {
                    "name": "TEMPERATURE OBSERVER",
                    "sizeX": 2.0,
                    "sizeY": 2.0,
                    "item": "TemperatureObserve",
                    "action_type": "toggle",
                    "command": "ON",
                    "command_alt": "OFF",
                    "backdrop_center": true,
                    "iconset": "eclipse-smarthome-classic",
                    "icon": "switch",
                    "icon_size": "35",
                    "row": 6.0,
                    "col": 0.0
                  }
                },
                {
                  "component": "dummy",
                  "config": {
                    "name": "Stocker Control status",
                    "sizeX": 10.0,
                    "sizeY": 2.0,
                    "item": "stateLabelStocker",
                    "row": 0.0,
                    "col": 2.0,
                    "font_size": "40",
                    "useserverformat": false,
                    "backdrop_center": false
                  }
                },
                {
                  "component": "button",
                  "config": {
                    "name": "Monitoring",
                    "sizeX": 2.0,
                    "sizeY": 2.0,
                    "item": "SwitchStockerControl",
                    "row": 0.0,
                    "col": 12.0,
                    "action_type": "toggle",
                    "command": "ON",
                    "command_alt": "OFF",
                    "foreground": "#E6E6E6",
                    "background_active": "transparent",
                    "foreground_active": "#E6E6E6",
                    "iconset": "eclipse-smarthome-classic",
                    "icon": "switch",
                    "icon_size": "35",
                    "icon_replacestext": false
                  }
                }
              ]
            }
          },
          {
            "component": "dashboard",
            "config": {
              "id": "Brewery1",
              "name": "Fermentor 1",
              "row": 0.0,
              "col": 0.0,
              "sizeY": 3.0,
              "tile": {
                "background_image": "https://www.giornaledellabirra.it/wp-content/uploads/2019/06/20160916_154001_resized_20190613_031828825-531da438-800x450.jpg",
                "title_color": "#FFCC00"
              },
              "sizeX": 1.0
            },
            "slots": {
              "widgets": [
                {
                  "component": "dummy",
                  "config": {
                    "name": "Temperature",
                    "sizeX": 6.0,
                    "sizeY": 2.0,
                    "item": "temperatureBewer0",
                    "row": 2.0,
                    "col": 3.0,
                    "font_size": "45",
                    "useserverformat": true,
                    "iconset": "eclipse-smarthome-classic",
                    "icon": "temperature",
                    "icon_size": "70"
                  }
                },
                {
                  "component": "button",
                  "config": {
                    "name": "TEMPERATURE OBSERVER",
                    "sizeX": 3.0,
                    "sizeY": 3.0,
                    "item": "TemperatureObserverBrewer0",
                    "action_type": "toggle",
                    "command": "ON",
                    "command_alt": "OFF",
                    "backdrop_center": true,
                    "iconset": "eclipse-smarthome-classic",
                    "icon": "switch",
                    "icon_size": "35",
                    "row": 1.0,
                    "col": 0.0
                  }
                },
                {
                  "component": "button",
                  "config": {
                    "name": "TEMPERATURE UPDATE",
                    "sizeX": 3.0,
                    "sizeY": 3.0,
                    "item": "TemperatureUpdateBrewer0",
                    "command": "ON",
                    "iconset": "smarthome-set",
                    "icon": "power-button",
                    "icon_size": 32.0,
                    "icon_nolinebreak": false,
                    "icon_replacestext": false,
                    "action_type": "toggle",
                    "command_alt": "ON",
                    "row": 1.0,
                    "col": 9.0
                  }
                },
                {
                  "component": "dummy",
                  "config": {
                    "name": "Belt Connection Status",
                    "sizeX": 6.0,
                    "sizeY": 1.0,
                    "item": "stateConnectionBelt0",
                    "row": 4.0,
                    "col": 0.0,
                    "font_size": "30"
                  }
                },
                {
                  "component": "dummy",
                  "config": {
                    "name": "Belt Status",
                    "sizeX": 6.0,
                    "sizeY": 1.0,
                    "item": "stateLabelBeltBrewer0",
                    "row": 4.0,
                    "col": 6.0,
                    "font_size": "30"
                  }
                },
                {
                  "component": "dummy",
                  "config": {
                    "name": "Control Status",
                    "sizeX": 3.0,
                    "sizeY": 1.0,
                    "item": "stateLabelBrewer0",
                    "font_size": "30",
                    "row": 0.0,
                    "col": 9.0
                  }
                },
                {
                  "component": "dummy",
                  "config": {
                    "name": "",
                    "sizeX": 4.0,
                    "sizeY": 1.0,
                    "row": 1.0,
                    "col": 4.0,
                    "item": "timerBrewer1",
                    "font_size": "30"
                  }
                },
                {
                  "component": "dummy",
                  "config": {
                    "name": "Active recipe name",
                    "sizeX": 5.0,
                    "sizeY": 1.0,
                    "item": "nameRecipeBrewer1",
                    "row": 0.0,
                    "col": 3.0,
                    "font_size": "30"
                  }
                },
                {
                  "component": "button",
                  "config": {
                    "name": "Stop",
                    "sizeX": 1.0,
                    "sizeY": 1.0,
                    "item": "StopBrewer1_StopBrewer1",
                    "row": 0.0,
                    "col": 8.0,
                    "command": "ON",
                    "iconset": "smarthome-set",
                    "icon": "power-button",
                    "icon_size": 32.0
                  }
                },
                {
                  "component": "dummy",
                  "config": {
                    "name": "Connection Status",
                    "sizeX": 3.0,
                    "sizeY": 1.0,
                    "item": "stateConnectionBrewer1",
                    "row": 0.0,
                    "col": 0.0,
                    "font_size": "30"
                  }
                },
                {
                  "component": "dummy",
                  "config": {
                    "name": "MinTempRecipe",
                    "sizeX": 1.0,
                    "sizeY": 1.0,
                    "font_size": "14",
                    "item": "minTempRecipeBrewer1",
                    "useserverformat": true,
                    "row": 1.0,
                    "col": 3.0
                  }
                },
                {
                  "component": "dummy",
                  "config": {
                    "name": "MaxTempRecipe",
                    "sizeX": 1.0,
                    "sizeY": 1.0,
                    "font_size": "15",
                    "item": "maxTempRecipeBrewer1",
                    "useserverformat": true,
                    "row": 1.0,
                    "col": 8.0
                  }
                }
              ]
            }
          },
          {
            "component": "dashboard",
            "config": {
              "id": "Brewery2",
              "name": "Fermentor 2",
              "row": 0.0,
              "col": 1.0,
              "sizeY": 3.0,
              "tile": {
                "background_image": "https://www.giornaledellabirra.it/wp-content/uploads/2019/06/20160916_154001_resized_20190613_031828825-531da438-800x450.jpg",
                "title_color": "#FFCC00"
              }
            },
            "slots": {
              "widgets": [
                {
                  "component": "dummy",
                  "config": {
                    "name": "Temperature",
                    "sizeX": 6.0,
                    "sizeY": 2.0,
                    "item": "temperatureBewer1",
                    "font_size": "45",
                    "useserverformat": true,
                    "iconset": "eclipse-smarthome-classic",
                    "icon": "temperature",
                    "icon_size": "70",
                    "row": 2.0,
                    "col": 3.0
                  }
                },
                {
                  "component": "button",
                  "config": {
                    "name": "TEMPERATURE OBSERVER",
                    "sizeX": 3.0,
                    "sizeY": 3.0,
                    "item": "TemperatureObserverBrewer1",
                    "action_type": "toggle",
                    "command": "ON",
                    "command_alt": "OFF",
                    "backdrop_center": true,
                    "iconset": "eclipse-smarthome-classic",
                    "icon": "switch",
                    "icon_size": "35",
                    "row": 1.0,
                    "col": 0.0
                  }
                },
                {
                  "component": "button",
                  "config": {
                    "name": "TEMPERATURE UPDATE",
                    "sizeX": 3.0,
                    "sizeY": 3.0,
                    "item": "TemperatureUpdateBrewer1",
                    "command": "ON",
                    "iconset": "smarthome-set",
                    "icon": "power-button",
                    "icon_size": 32.0,
                    "icon_nolinebreak": false,
                    "icon_replacestext": false,
                    "action_type": "toggle",
                    "command_alt": "ON",
                    "row": 1.0,
                    "col": 9.0
                  }
                },
                {
                  "component": "dummy",
                  "config": {
                    "name": "Control Status",
                    "sizeX": 3.0,
                    "sizeY": 1.0,
                    "item": "stateLabelBrewer10",
                    "font_size": "30",
                    "row": 0.0,
                    "col": 9.0
                  }
                },
                {
                  "component": "dummy",
                  "config": {
                    "name": "Belt Connection Status",
                    "sizeX": 6.0,
                    "sizeY": 1.0,
                    "item": "stateConnectionBelt10",
                    "font_size": "30",
                    "row": 4.0,
                    "col": 0.0
                  }
                },
                {
                  "component": "dummy",
                  "config": {
                    "name": "Belt Status",
                    "sizeX": 6.0,
                    "sizeY": 1.0,
                    "item": "stateLabelBeltBrewer10",
                    "row": 4.0,
                    "col": 6.0,
                    "font_size": "30"
                  }
                },
                {
                  "component": "dummy",
                  "config": {
                    "name": "Active recipe name",
                    "sizeX": 5.0,
                    "sizeY": 1.0,
                    "item": "nameRecipeBrewer2",
                    "font_size": "30",
                    "row": 0.0,
                    "col": 3.0
                  }
                },
                {
                  "component": "dummy",
                  "config": {
                    "name": "",
                    "sizeX": 4.0,
                    "sizeY": 1.0,
                    "row": 1.0,
                    "col": 4.0,
                    "item": "timerBrewer2",
                    "font_size": "30"
                  }
                },
                {
                  "component": "dummy",
                  "config": {
                    "name": "Connection Status",
                    "sizeX": 3.0,
                    "sizeY": 1.0,
                    "item": "stateConnectionBrewer2",
                    "font_size": "30",
                    "row": 0.0,
                    "col": 0.0
                  }
                },
                {
                  "component": "button",
                  "config": {
                    "name": "Stop",
                    "sizeX": 1.0,
                    "sizeY": 1.0,
                    "item": "StopBrewer2_StopBrewer2",
                    "row": 0.0,
                    "col": 8.0,
                    "command": "ON",
                    "iconset": "smarthome-set",
                    "icon": "power-button",
                    "icon_size": 32.0
                  }
                },
                {
                  "component": "dummy",
                  "config": {
                    "name": "MinTempRecipe",
                    "sizeX": 1.0,
                    "sizeY": 1.0,
                    "row": 1.0,
                    "col": 3.0,
                    "font_size": "15",
                    "item": "minTempRecipeBrewer2",
                    "useserverformat": true
                  }
                },
                {
                  "component": "dummy",
                  "config": {
                    "name": "MaxTempRecipe",
                    "sizeX": 1.0,
                    "sizeY": 1.0,
                    "font_size": "15",
                    "item": "maxTempRecipeBrewer2",
                    "useserverformat": true,
                    "row": 1.0,
                    "col": 8.0
                  }
                }
              ]
            }
          },
          {
            "component": "dashboard",
            "config": {
              "id": "Add Recipe",
              "name": "Add Recipe",
              "row": 3.0,
              "col": 1.0,
              "sizeX": 1.0,
              "sizeY": 3.0,
              "tile": {
                "background_image": "https://external-content.duckduckgo.com/iu/?u\u003dhttps%3A%2F%2F1000hillsbrewery.co.za%2Fwp-content%2Fuploads%2F2019%2F10%2Fbeer-ingedients-1024x576.jpg\u0026f\u003d1\u0026nofb\u003d1",
                "title_color": "#FFCC00"
              }
            },
            "slots": {
              "widgets": [
                {
                  "component": "template",
                  "config": {
                    "name": "Nuovo Widget",
                    "sizeX": 7.0,
                    "sizeY": 5.0,
                    "customwidget": "Add Receipe",
                    "row": 0.0,
                    "col": 0.0
                  }
                },
                {
                  "component": "template",
                  "config": {
                    "name": "Nuovo Widget",
                    "sizeX": 5.0,
                    "sizeY": 3.0,
                    "customwidget": "CHECK BREWER AVAILABILITY",
                    "row": 0.0,
                    "col": 7.0
                  }
                },
                {
                  "component": "dummy",
                  "config": {
                    "name": "Brewer Availability",
                    "sizeX": 5.0,
                    "sizeY": 2.0,
                    "item": "checkBrewerAvailable",
                    "row": 3.0,
                    "col": 7.0,
                    "font_size": "30"
                  }
                }
              ]
            }
          }
        ],
        "customwidgets": [
          {
            "component": "customwidget",
            "config": {
              "id": "Add Receipe",
              "template": " \u003cdiv class\u003d\"form-group\"\u003e\n   \u003ch1\u003e \u003clabel\u003eINSERT NEW RECIPE \u003c/label\u003e\u003c/h1\u003e\n   \u003cbr\u003e\n   \u003cbr\u003e\n    \u003cbr\u003e\n    \u003cbr\u003e\n   \t\u003clabel\u003e Insert Recipe Name\u003c/label\u003e\n        \u003cbr\u003e\n        \u003cinput type\u003d\"text\" class\u003d\"form-control\" no-snap-drag\u003d\"true\"\n                ng-model\u003d\"recipe.name\" ng-value\u003d\"itemValue(\u0027nameRecipe\u0027)\"\u003e\u003c/input\u003e\n        \u003cbr\u003e\n        \u003clabel\u003e Insert Fermentation Duration (days)\u003c/label\u003e\n        \u003cbr\u003e\n        \u003cinput type\u003d\"text\" class\u003d\"form-control\" no-snap-drag\u003d\"true\"\n                ng-model\u003d\"recipe.durationFermentation\" ng-value\u003d\"itemValue(\u0027durationFermentation\u0027)\"\u003e\u003c/input\u003e\n        \u003cbr\u003e\n        \u003clabel\u003e Insert minimum allowed temperature\u003c/label\u003e\n        \u003cbr\u003e\n        \u003cinput type\u003d\"text\" class\u003d\"form-control\" no-snap-drag\u003d\"true\"\n                ng-model\u003d\"recipe.minTempFermentation\" ng-value\u003d\"itemValue(\u0027minTempRecipe\u0027)\"\u003e\u003c/input\u003e\n        \u003cbr\u003e\n        \u003clabel\u003e Insert maximum allowed temperature\u003c/label\u003e\n        \u003cbr\u003e\n        \u003cinput type\u003d\"text\" class\u003d\"form-control\" no-snap-drag\u003d\"true\"\n                ng-model\u003d\"recipe.maxTempFermentation\" ng-value\u003d\"itemValue(\u0027maxTempRecipe\u0027)\"\u003e\u003c/input\u003e\n        \u003cbr\u003e\n         \u003clabel\u003e Insert brewer number \u003c/label\u003e\n        \u003cbr\u003e\n        \u003cinput type\u003d\"text\" class\u003d\"form-control\" no-snap-drag\u003d\"true\"\n                ng-model\u003d\"recipe.brewerID\" ng-value\u003d\"itemValue(\u0027brewerID\u0027)\"\u003e\u003c/input\u003e\n        \u003cbr\u003e\n        \u003cbr\u003e\n        \u003cbutton type\u003d\"button\" class\u003d\"btn btn-primary\"\n                ng-click\u003d\"sendCmd(\u0027nameRecipe\u0027, recipe.name); sendCmd(\u0027durationFermentation\u0027, recipe.durationFermentation);\n                        \tsendCmd(\u0027minTempRecipe\u0027, recipe.minTempFermentation); sendCmd(\u0027maxTempRecipe\u0027, recipe.maxTempFermentation);\n                         \tsendCmd(\u0027brewerID\u0027, recipe.brewerID);\"\u003eSEND RECIPE\u003c/button\u003e\n  \u003c/div\u003e",
              "name": "SEND RECIPE"
            },
            "slots": {
              "settings": []
            }
          },
          {
            "component": "customwidget",
            "config": {
              "template": "\u003cdiv class\u003d\"form-group\"\u003e\n   \u003cp\u003e\u003clabel\u003eCheck fermentor availability before inserting recipe\u003c/label\u003e \u003c/p\u003e\n\n   \u003cbr\u003e\n     \u003clabel\u003e Insert brewer number \u003c/label\u003e\n        \u003cbr\u003e\n        \u003cinput type\u003d\"text\" class\u003d\"form-control\" no-snap-drag\u003d\"true\"\n                ng-model\u003d\"checkBrewerID\" ng-value\u003d\"itemValue(\u0027checkBrewerID\u0027)\"\u003e\u003c/input\u003e\n        \u003cbr\u003e\n        \u003cbr\u003e\n        \u003cbutton type\u003d\"button\" class\u003d\"btn btn-primary\"\n                ng-click\u003d\"sendCmd(\u0027checkBrewerID\u0027, checkBrewerID);\"\u003eCHECK \u003c/button\u003e\n  \u003c/div\u003e",
              "id": "CHECK BREWER AVAILABILITY"
            },
            "slots": {
              "settings": []
            }
          },
          {
            "component": "customwidget",
            "config": {
              "id": "PRovaTest"
            },
            "slots": {
              "settings": []
            }
          }
        ]
      }
    }
  }
}