{
  "Alfredo Carnevale": {
    "class": "org.openhab.core.auth.ManagedUser",
    "value": {
      "name": "Alfredo Carnevale",
      "passwordHash": "CkcnErzCTC/dQ6yRWoJBmqGgr8Ekl4dwkb4o4fTHBlzC1tCe0Djp4nqb4nce668wn0mwrNLGRy+k06omk8iUgw\u003d\u003d",
      "passwordSalt": "NDtlCWQqO5Gyil+aYW68ySV6McXHJmOo5c4RliS0sDuwOA/I6H98dMghhXRYoxZz9z8Q2hEQRrLjNa4LhsP1KQ\u003d\u003d",
      "roles": [
        "administrator"
      ],
      "pendingToken": {
        "authorizationCode": "7fa4a70cbc9347a182de2e2cd8c1312c",
        "clientId": "http://192.168.1.165:8080",
        "redirectUri": "http://192.168.1.165:8080",
        "scope": "admin",
        "codeChallenge": "DV6l1ZBv1vzCTJPcpJmOsbGHNv354CsLN5qRnJNMDYo",
        "codeChallengeMethod": "S256"
      },
      "sessions": [
        {
          "sessionId": "c0774cb6-4bee-4b80-84c5-8cebe771f558",
          "refreshToken": "bb07263013004f8881def283f36a85ff",
          "createdTime": "Jul 2, 2021, 12:00:08 PM",
          "lastRefreshTime": "Jul 2, 2021, 1:13:31 PM",
          "clientId": "http://192.168.1.165:8080",
          "redirectUri": "http://192.168.1.165:8080",
          "scope": "admin",
          "sessionCookie": true
        },
        {
          "sessionId": "50728845-498b-4094-82fd-129195dbb864",
          "refreshToken": "f604e6c035ad412392c5355a70648ff6",
          "createdTime": "Jul 2, 2021, 1:13:31 PM",
          "lastRefreshTime": "Jul 6, 2021, 5:32:14 PM",
          "clientId": "http://192.168.1.165:8080",
          "redirectUri": "http://192.168.1.165:8080",
          "scope": "admin",
          "sessionCookie": true
        },
        {
          "sessionId": "8a4f364a-4134-4f46-995d-a1d052de6889",
          "refreshToken": "3eb2e3a1dd314688ab0b91dae203fd7b",
          "createdTime": "Jul 7, 2021, 11:41:22 AM",
          "lastRefreshTime": "Jul 7, 2021, 5:18:15 PM",
          "clientId": "http://192.168.1.165:8080",
          "redirectUri": "http://192.168.1.165:8080",
          "scope": "admin",
          "sessionCookie": true
        },
        {
          "sessionId": "a7bc9ed0-4d41-4e6a-b7cf-d3c0a54f8f0c",
          "refreshToken": "71efd6646dc042aaa657ea5bb4a5b208",
          "createdTime": "Jul 8, 2021, 11:09:04 AM",
          "lastRefreshTime": "Jul 14, 2021, 4:40:35 PM",
          "clientId": "http://192.168.1.165:8080",
          "redirectUri": "http://192.168.1.165:8080",
          "scope": "admin",
          "sessionCookie": true
        },
        {
          "sessionId": "426d63bd-f9fc-4ee1-bee3-32dd3850f0be",
          "refreshToken": "240c583abeb04bff867df0f6cf76156c",
          "createdTime": "Jul 15, 2021, 10:14:33 AM",
          "lastRefreshTime": "Jul 17, 2021, 12:37:51 PM",
          "clientId": "http://192.168.1.165:8080",
          "redirectUri": "http://192.168.1.165:8080",
          "scope": "admin",
          "sessionCookie": true
        }
      ],
      "apiTokens": []
    }
  }
}