{
  "TemperatureObserve -\u003e mqtt:topic:03a1395228:502ccaffd3:tempObs": {
    "class": "org.openhab.core.thing.link.ItemChannelLink",
    "value": {
      "channelUID": {
        "segments": [
          "mqtt",
          "topic",
          "03a1395228",
          "502ccaffd3",
          "tempObs"
        ],
        "uid": "mqtt:topic:03a1395228:502ccaffd3:tempObs"
      },
      "configuration": {
        "properties": {}
      },
      "itemName": "TemperatureObserve"
    }
  },
  "StopBrewer1_StopBrewer1 -\u003e mqtt:topic:03a1395228:1270f64336:stopBrewer1": {
    "class": "org.openhab.core.thing.link.ItemChannelLink",
    "value": {
      "channelUID": {
        "segments": [
          "mqtt",
          "topic",
          "03a1395228",
          "1270f64336",
          "stopBrewer1"
        ],
        "uid": "mqtt:topic:03a1395228:1270f64336:stopBrewer1"
      },
      "configuration": {
        "properties": {}
      },
      "itemName": "StopBrewer1_StopBrewer1"
    }
  },
  "HumidityUpdateStocker -\u003e mqtt:topic:03a1395228:bd0afd0bec:humUpdateStocker": {
    "class": "org.openhab.core.thing.link.ItemChannelLink",
    "value": {
      "channelUID": {
        "segments": [
          "mqtt",
          "topic",
          "03a1395228",
          "bd0afd0bec",
          "humUpdateStocker"
        ],
        "uid": "mqtt:topic:03a1395228:bd0afd0bec:humUpdateStocker"
      },
      "configuration": {
        "properties": {}
      },
      "itemName": "HumidityUpdateStocker"
    }
  },
  "SonoOff_Sonoff -\u003e mqtt:topic:03a1395228:0a8f9bceae:provaSonoff": {
    "class": "org.openhab.core.thing.link.ItemChannelLink",
    "value": {
      "channelUID": {
        "segments": [
          "mqtt",
          "topic",
          "03a1395228",
          "0a8f9bceae",
          "provaSonoff"
        ],
        "uid": "mqtt:topic:03a1395228:0a8f9bceae:provaSonoff"
      },
      "configuration": {
        "properties": {}
      },
      "itemName": "SonoOff_Sonoff"
    }
  },
  "TemperatureObserverBrewer1 -\u003e mqtt:topic:03a1395228:811ae219e9:tempObsBrewer1": {
    "class": "org.openhab.core.thing.link.ItemChannelLink",
    "value": {
      "channelUID": {
        "segments": [
          "mqtt",
          "topic",
          "03a1395228",
          "811ae219e9",
          "tempObsBrewer1"
        ],
        "uid": "mqtt:topic:03a1395228:811ae219e9:tempObsBrewer1"
      },
      "configuration": {
        "properties": {}
      },
      "itemName": "TemperatureObserverBrewer1"
    }
  },
  "TemperatureUpdateBrewer0 -\u003e mqtt:topic:03a1395228:786c2746bf:tempUpdateBrewer0": {
    "class": "org.openhab.core.thing.link.ItemChannelLink",
    "value": {
      "channelUID": {
        "segments": [
          "mqtt",
          "topic",
          "03a1395228",
          "786c2746bf",
          "tempUpdateBrewer0"
        ],
        "uid": "mqtt:topic:03a1395228:786c2746bf:tempUpdateBrewer0"
      },
      "configuration": {
        "properties": {}
      },
      "itemName": "TemperatureUpdateBrewer0"
    }
  },
  "TemperatureUpdateStocker -\u003e mqtt:topic:03a1395228:9e258e1f7d:tempUpdateStocker": {
    "class": "org.openhab.core.thing.link.ItemChannelLink",
    "value": {
      "channelUID": {
        "segments": [
          "mqtt",
          "topic",
          "03a1395228",
          "9e258e1f7d",
          "tempUpdateStocker"
        ],
        "uid": "mqtt:topic:03a1395228:9e258e1f7d:tempUpdateStocker"
      },
      "configuration": {
        "properties": {}
      },
      "itemName": "TemperatureUpdateStocker"
    }
  },
  "HumidityObserve -\u003e mqtt:topic:03a1395228:38c0f567ce:humObs": {
    "class": "org.openhab.core.thing.link.ItemChannelLink",
    "value": {
      "channelUID": {
        "segments": [
          "mqtt",
          "topic",
          "03a1395228",
          "38c0f567ce",
          "humObs"
        ],
        "uid": "mqtt:topic:03a1395228:38c0f567ce:humObs"
      },
      "configuration": {
        "properties": {}
      },
      "itemName": "HumidityObserve"
    }
  },
  "TemperatureObserverBrewer0 -\u003e mqtt:topic:03a1395228:d8c45f6193:temperatureObsBrewer0": {
    "class": "org.openhab.core.thing.link.ItemChannelLink",
    "value": {
      "channelUID": {
        "segments": [
          "mqtt",
          "topic",
          "03a1395228",
          "d8c45f6193",
          "temperatureObsBrewer0"
        ],
        "uid": "mqtt:topic:03a1395228:d8c45f6193:temperatureObsBrewer0"
      },
      "configuration": {
        "properties": {}
      },
      "itemName": "TemperatureObserverBrewer0"
    }
  },
  "TemperatureUpdateBrewer1 -\u003e mqtt:topic:03a1395228:c2203c1aa1:tempUpdateBrewer1": {
    "class": "org.openhab.core.thing.link.ItemChannelLink",
    "value": {
      "channelUID": {
        "segments": [
          "mqtt",
          "topic",
          "03a1395228",
          "c2203c1aa1",
          "tempUpdateBrewer1"
        ],
        "uid": "mqtt:topic:03a1395228:c2203c1aa1:tempUpdateBrewer1"
      },
      "configuration": {
        "properties": {}
      },
      "itemName": "TemperatureUpdateBrewer1"
    }
  },
  "TemperatureProva -\u003e mqtt:topic:03a1395228:4bb0450afe:temperatureStocker": {
    "class": "org.openhab.core.thing.link.ItemChannelLink",
    "value": {
      "channelUID": {
        "segments": [
          "mqtt",
          "topic",
          "03a1395228",
          "4bb0450afe",
          "temperatureStocker"
        ],
        "uid": "mqtt:topic:03a1395228:4bb0450afe:temperatureStocker"
      },
      "configuration": {
        "properties": {}
      },
      "itemName": "TemperatureProva"
    }
  },
  "HumidityStocker_HumidityStocker -\u003e mqtt:topic:03a1395228:424bcc15fb:humiditystocker": {
    "class": "org.openhab.core.thing.link.ItemChannelLink",
    "value": {
      "channelUID": {
        "segments": [
          "mqtt",
          "topic",
          "03a1395228",
          "424bcc15fb",
          "humiditystocker"
        ],
        "uid": "mqtt:topic:03a1395228:424bcc15fb:humiditystocker"
      },
      "configuration": {
        "properties": {}
      },
      "itemName": "HumidityStocker_HumidityStocker"
    }
  },
  "LightObserve -\u003e mqtt:topic:03a1395228:a5d0d9b18c:lightObs": {
    "class": "org.openhab.core.thing.link.ItemChannelLink",
    "value": {
      "channelUID": {
        "segments": [
          "mqtt",
          "topic",
          "03a1395228",
          "a5d0d9b18c",
          "lightObs"
        ],
        "uid": "mqtt:topic:03a1395228:a5d0d9b18c:lightObs"
      },
      "configuration": {
        "properties": {}
      },
      "itemName": "LightObserve"
    }
  },
  "Temperature_TemperatureStocker -\u003e mqtt:topic:03a1395228:da6581b127:temperatureStocker": {
    "class": "org.openhab.core.thing.link.ItemChannelLink",
    "value": {
      "channelUID": {
        "segments": [
          "mqtt",
          "topic",
          "03a1395228",
          "da6581b127",
          "temperatureStocker"
        ],
        "uid": "mqtt:topic:03a1395228:da6581b127:temperatureStocker"
      },
      "configuration": {
        "properties": {}
      },
      "itemName": "Temperature_TemperatureStocker"
    }
  },
  "LightObserve_LightObserver -\u003e mqtt:topic:03a1395228:a5d0d9b18c:lightObs": {
    "class": "org.openhab.core.thing.link.ItemChannelLink",
    "value": {
      "channelUID": {
        "segments": [
          "mqtt",
          "topic",
          "03a1395228",
          "a5d0d9b18c",
          "lightObs"
        ],
        "uid": "mqtt:topic:03a1395228:a5d0d9b18c:lightObs"
      },
      "configuration": {
        "properties": {}
      },
      "itemName": "LightObserve_LightObserver"
    }
  },
  "LightUpdateStocker -\u003e mqtt:topic:03a1395228:dd05e9b0e7:lightUpdateStocker": {
    "class": "org.openhab.core.thing.link.ItemChannelLink",
    "value": {
      "channelUID": {
        "segments": [
          "mqtt",
          "topic",
          "03a1395228",
          "dd05e9b0e7",
          "lightUpdateStocker"
        ],
        "uid": "mqtt:topic:03a1395228:dd05e9b0e7:lightUpdateStocker"
      },
      "configuration": {
        "properties": {}
      },
      "itemName": "LightUpdateStocker"
    }
  },
  "FireUpdateStocker -\u003e mqtt:topic:03a1395228:3aa53a6555:fireUpdateStocker": {
    "class": "org.openhab.core.thing.link.ItemChannelLink",
    "value": {
      "channelUID": {
        "segments": [
          "mqtt",
          "topic",
          "03a1395228",
          "3aa53a6555",
          "fireUpdateStocker"
        ],
        "uid": "mqtt:topic:03a1395228:3aa53a6555:fireUpdateStocker"
      },
      "configuration": {
        "properties": {}
      },
      "itemName": "FireUpdateStocker"
    }
  },
  "TemperatureStocker_TemperatureStocker -\u003e mqtt:topic:03a1395228:4bb0450afe:temperatureStocker": {
    "class": "org.openhab.core.thing.link.ItemChannelLink",
    "value": {
      "channelUID": {
        "segments": [
          "mqtt",
          "topic",
          "03a1395228",
          "4bb0450afe",
          "temperatureStocker"
        ],
        "uid": "mqtt:topic:03a1395228:4bb0450afe:temperatureStocker"
      },
      "configuration": {
        "properties": {}
      },
      "itemName": "TemperatureStocker_TemperatureStocker"
    }
  },
  "FireObserve -\u003e mqtt:topic:03a1395228:8b6eeff272:fireObs": {
    "class": "org.openhab.core.thing.link.ItemChannelLink",
    "value": {
      "channelUID": {
        "segments": [
          "mqtt",
          "topic",
          "03a1395228",
          "8b6eeff272",
          "fireObs"
        ],
        "uid": "mqtt:topic:03a1395228:8b6eeff272:fireObs"
      },
      "configuration": {
        "properties": {}
      },
      "itemName": "FireObserve"
    }
  },
  "StopBrewer2_StopBrewer2 -\u003e mqtt:topic:03a1395228:c57116942a:stopBrewer2": {
    "class": "org.openhab.core.thing.link.ItemChannelLink",
    "value": {
      "channelUID": {
        "segments": [
          "mqtt",
          "topic",
          "03a1395228",
          "c57116942a",
          "stopBrewer2"
        ],
        "uid": "mqtt:topic:03a1395228:c57116942a:stopBrewer2"
      },
      "configuration": {
        "properties": {}
      },
      "itemName": "StopBrewer2_StopBrewer2"
    }
  }
}