{
  "mqtt:topic:03a1395228:3aa53a6555": {
    "class": "org.openhab.core.thing.internal.ThingImpl",
    "value": {
      "label": "Fire Update",
      "bridgeUID": {
        "segments": [
          "mqtt",
          "broker",
          "03a1395228"
        ],
        "uid": "mqtt:broker:03a1395228"
      },
      "channels": [
        {
          "acceptedItemType": "Switch",
          "kind": "STATE",
          "uid": {
            "segments": [
              "mqtt",
              "topic",
              "03a1395228",
              "3aa53a6555",
              "fireUpdateStocker"
            ],
            "uid": "mqtt:topic:03a1395228:3aa53a6555:fireUpdateStocker"
          },
          "channelTypeUID": {
            "segments": [
              "mqtt",
              "switch"
            ],
            "uid": "mqtt:switch"
          },
          "label": "Fire Update",
          "description": "",
          "configuration": {
            "properties": {
              "off": "ON",
              "on": "ON"
            }
          },
          "properties": {},
          "defaultTags": [],
          "autoUpdatePolicy": "DEFAULT"
        }
      ],
      "configuration": {
        "properties": {}
      },
      "properties": {},
      "uid": {
        "segments": [
          "mqtt",
          "topic",
          "03a1395228",
          "3aa53a6555"
        ],
        "uid": "mqtt:topic:03a1395228:3aa53a6555"
      },
      "thingTypeUID": {
        "segments": [
          "mqtt",
          "topic"
        ],
        "uid": "mqtt:topic"
      },
      "location": "Stocker"
    }
  },
  "mqtt:topic:03a1395228:9e258e1f7d": {
    "class": "org.openhab.core.thing.internal.ThingImpl",
    "value": {
      "label": "Temperature Update",
      "bridgeUID": {
        "segments": [
          "mqtt",
          "broker",
          "03a1395228"
        ],
        "uid": "mqtt:broker:03a1395228"
      },
      "channels": [
        {
          "acceptedItemType": "Switch",
          "kind": "STATE",
          "uid": {
            "segments": [
              "mqtt",
              "topic",
              "03a1395228",
              "9e258e1f7d",
              "tempUpdateStocker"
            ],
            "uid": "mqtt:topic:03a1395228:9e258e1f7d:tempUpdateStocker"
          },
          "channelTypeUID": {
            "segments": [
              "mqtt",
              "switch"
            ],
            "uid": "mqtt:switch"
          },
          "label": "Temperature Update",
          "description": "",
          "configuration": {
            "properties": {
              "off": "ON",
              "on": "ON"
            }
          },
          "properties": {},
          "defaultTags": [],
          "autoUpdatePolicy": "DEFAULT"
        }
      ],
      "configuration": {
        "properties": {}
      },
      "properties": {},
      "uid": {
        "segments": [
          "mqtt",
          "topic",
          "03a1395228",
          "9e258e1f7d"
        ],
        "uid": "mqtt:topic:03a1395228:9e258e1f7d"
      },
      "thingTypeUID": {
        "segments": [
          "mqtt",
          "topic"
        ],
        "uid": "mqtt:topic"
      },
      "location": "Stocker"
    }
  },
  "mqtt:topic:03a1395228:38c0f567ce": {
    "class": "org.openhab.core.thing.internal.ThingImpl",
    "value": {
      "label": "Humidity Observe",
      "bridgeUID": {
        "segments": [
          "mqtt",
          "broker",
          "03a1395228"
        ],
        "uid": "mqtt:broker:03a1395228"
      },
      "channels": [
        {
          "acceptedItemType": "Switch",
          "kind": "STATE",
          "uid": {
            "segments": [
              "mqtt",
              "topic",
              "03a1395228",
              "38c0f567ce",
              "humObs"
            ],
            "uid": "mqtt:topic:03a1395228:38c0f567ce:humObs"
          },
          "channelTypeUID": {
            "segments": [
              "mqtt",
              "switch"
            ],
            "uid": "mqtt:switch"
          },
          "label": "Humidity Observe",
          "description": "",
          "configuration": {
            "properties": {}
          },
          "properties": {},
          "defaultTags": [],
          "autoUpdatePolicy": "DEFAULT"
        }
      ],
      "configuration": {
        "properties": {}
      },
      "properties": {},
      "uid": {
        "segments": [
          "mqtt",
          "topic",
          "03a1395228",
          "38c0f567ce"
        ],
        "uid": "mqtt:topic:03a1395228:38c0f567ce"
      },
      "thingTypeUID": {
        "segments": [
          "mqtt",
          "topic"
        ],
        "uid": "mqtt:topic"
      },
      "location": "Stocker"
    }
  },
  "mqtt:topic:03a1395228:dd05e9b0e7": {
    "class": "org.openhab.core.thing.internal.ThingImpl",
    "value": {
      "label": "Light Update",
      "bridgeUID": {
        "segments": [
          "mqtt",
          "broker",
          "03a1395228"
        ],
        "uid": "mqtt:broker:03a1395228"
      },
      "channels": [
        {
          "acceptedItemType": "Switch",
          "kind": "STATE",
          "uid": {
            "segments": [
              "mqtt",
              "topic",
              "03a1395228",
              "dd05e9b0e7",
              "lightUpdateStocker"
            ],
            "uid": "mqtt:topic:03a1395228:dd05e9b0e7:lightUpdateStocker"
          },
          "channelTypeUID": {
            "segments": [
              "mqtt",
              "switch"
            ],
            "uid": "mqtt:switch"
          },
          "label": "Light Update",
          "description": "",
          "configuration": {
            "properties": {
              "off": "ON",
              "on": "ON"
            }
          },
          "properties": {},
          "defaultTags": [],
          "autoUpdatePolicy": "DEFAULT"
        }
      ],
      "configuration": {
        "properties": {}
      },
      "properties": {},
      "uid": {
        "segments": [
          "mqtt",
          "topic",
          "03a1395228",
          "dd05e9b0e7"
        ],
        "uid": "mqtt:topic:03a1395228:dd05e9b0e7"
      },
      "thingTypeUID": {
        "segments": [
          "mqtt",
          "topic"
        ],
        "uid": "mqtt:topic"
      },
      "location": "Stocker"
    }
  },
  "mqtt:topic:03a1395228:811ae219e9": {
    "class": "org.openhab.core.thing.internal.ThingImpl",
    "value": {
      "label": "Temperature Observer Brewer 1",
      "bridgeUID": {
        "segments": [
          "mqtt",
          "broker",
          "03a1395228"
        ],
        "uid": "mqtt:broker:03a1395228"
      },
      "channels": [
        {
          "acceptedItemType": "Switch",
          "kind": "STATE",
          "uid": {
            "segments": [
              "mqtt",
              "topic",
              "03a1395228",
              "811ae219e9",
              "tempObsBrewer1"
            ],
            "uid": "mqtt:topic:03a1395228:811ae219e9:tempObsBrewer1"
          },
          "channelTypeUID": {
            "segments": [
              "mqtt",
              "switch"
            ],
            "uid": "mqtt:switch"
          },
          "label": "Temperature Observer Brewer 1",
          "description": "",
          "configuration": {
            "properties": {}
          },
          "properties": {},
          "defaultTags": [],
          "autoUpdatePolicy": "DEFAULT"
        }
      ],
      "configuration": {
        "properties": {}
      },
      "properties": {},
      "uid": {
        "segments": [
          "mqtt",
          "topic",
          "03a1395228",
          "811ae219e9"
        ],
        "uid": "mqtt:topic:03a1395228:811ae219e9"
      },
      "thingTypeUID": {
        "segments": [
          "mqtt",
          "topic"
        ],
        "uid": "mqtt:topic"
      }
    }
  },
  "mqtt:topic:03a1395228:502ccaffd3": {
    "class": "org.openhab.core.thing.internal.ThingImpl",
    "value": {
      "label": "Temperature Observe",
      "bridgeUID": {
        "segments": [
          "mqtt",
          "broker",
          "03a1395228"
        ],
        "uid": "mqtt:broker:03a1395228"
      },
      "channels": [
        {
          "acceptedItemType": "Switch",
          "kind": "STATE",
          "uid": {
            "segments": [
              "mqtt",
              "topic",
              "03a1395228",
              "502ccaffd3",
              "tempObs"
            ],
            "uid": "mqtt:topic:03a1395228:502ccaffd3:tempObs"
          },
          "channelTypeUID": {
            "segments": [
              "mqtt",
              "switch"
            ],
            "uid": "mqtt:switch"
          },
          "label": "Temperature Observe",
          "description": "",
          "configuration": {
            "properties": {}
          },
          "properties": {},
          "defaultTags": [],
          "autoUpdatePolicy": "DEFAULT"
        }
      ],
      "configuration": {
        "properties": {}
      },
      "properties": {},
      "uid": {
        "segments": [
          "mqtt",
          "topic",
          "03a1395228",
          "502ccaffd3"
        ],
        "uid": "mqtt:topic:03a1395228:502ccaffd3"
      },
      "thingTypeUID": {
        "segments": [
          "mqtt",
          "topic"
        ],
        "uid": "mqtt:topic"
      },
      "location": "Stocker"
    }
  },
  "mqtt:topic:03a1395228:c2203c1aa1": {
    "class": "org.openhab.core.thing.internal.ThingImpl",
    "value": {
      "label": "Temperature Update Brewer 1",
      "bridgeUID": {
        "segments": [
          "mqtt",
          "broker",
          "03a1395228"
        ],
        "uid": "mqtt:broker:03a1395228"
      },
      "channels": [
        {
          "acceptedItemType": "Switch",
          "kind": "STATE",
          "uid": {
            "segments": [
              "mqtt",
              "topic",
              "03a1395228",
              "c2203c1aa1",
              "tempUpdateBrewer1"
            ],
            "uid": "mqtt:topic:03a1395228:c2203c1aa1:tempUpdateBrewer1"
          },
          "channelTypeUID": {
            "segments": [
              "mqtt",
              "switch"
            ],
            "uid": "mqtt:switch"
          },
          "label": "Temperature Update Brewer 1",
          "description": "",
          "configuration": {
            "properties": {
              "off": "ON",
              "on": "ON"
            }
          },
          "properties": {},
          "defaultTags": [],
          "autoUpdatePolicy": "DEFAULT"
        }
      ],
      "configuration": {
        "properties": {}
      },
      "properties": {},
      "uid": {
        "segments": [
          "mqtt",
          "topic",
          "03a1395228",
          "c2203c1aa1"
        ],
        "uid": "mqtt:topic:03a1395228:c2203c1aa1"
      },
      "thingTypeUID": {
        "segments": [
          "mqtt",
          "topic"
        ],
        "uid": "mqtt:topic"
      }
    }
  },
  "mqtt:topic:03a1395228:bd0afd0bec": {
    "class": "org.openhab.core.thing.internal.ThingImpl",
    "value": {
      "label": "Humidity Update",
      "bridgeUID": {
        "segments": [
          "mqtt",
          "broker",
          "03a1395228"
        ],
        "uid": "mqtt:broker:03a1395228"
      },
      "channels": [
        {
          "acceptedItemType": "Switch",
          "kind": "STATE",
          "uid": {
            "segments": [
              "mqtt",
              "topic",
              "03a1395228",
              "bd0afd0bec",
              "humUpdateStocker"
            ],
            "uid": "mqtt:topic:03a1395228:bd0afd0bec:humUpdateStocker"
          },
          "channelTypeUID": {
            "segments": [
              "mqtt",
              "switch"
            ],
            "uid": "mqtt:switch"
          },
          "label": "Humidity Update",
          "description": "",
          "configuration": {
            "properties": {
              "off": "ON",
              "on": "ON"
            }
          },
          "properties": {},
          "defaultTags": [],
          "autoUpdatePolicy": "DEFAULT"
        }
      ],
      "configuration": {
        "properties": {}
      },
      "properties": {},
      "uid": {
        "segments": [
          "mqtt",
          "topic",
          "03a1395228",
          "bd0afd0bec"
        ],
        "uid": "mqtt:topic:03a1395228:bd0afd0bec"
      },
      "thingTypeUID": {
        "segments": [
          "mqtt",
          "topic"
        ],
        "uid": "mqtt:topic"
      },
      "location": "Stocker"
    }
  },
  "mqtt:topic:03a1395228:c57116942a": {
    "class": "org.openhab.core.thing.internal.ThingImpl",
    "value": {
      "label": "Stop Brewer 2",
      "bridgeUID": {
        "segments": [
          "mqtt",
          "broker",
          "03a1395228"
        ],
        "uid": "mqtt:broker:03a1395228"
      },
      "channels": [
        {
          "acceptedItemType": "Switch",
          "kind": "STATE",
          "uid": {
            "segments": [
              "mqtt",
              "topic",
              "03a1395228",
              "c57116942a",
              "stopBrewer2"
            ],
            "uid": "mqtt:topic:03a1395228:c57116942a:stopBrewer2"
          },
          "channelTypeUID": {
            "segments": [
              "mqtt",
              "switch"
            ],
            "uid": "mqtt:switch"
          },
          "label": "Stop Brewer 2",
          "description": "",
          "configuration": {
            "properties": {
              "off": "ON",
              "on": "ON"
            }
          },
          "properties": {},
          "defaultTags": [],
          "autoUpdatePolicy": "DEFAULT"
        }
      ],
      "configuration": {
        "properties": {}
      },
      "properties": {},
      "uid": {
        "segments": [
          "mqtt",
          "topic",
          "03a1395228",
          "c57116942a"
        ],
        "uid": "mqtt:topic:03a1395228:c57116942a"
      },
      "thingTypeUID": {
        "segments": [
          "mqtt",
          "topic"
        ],
        "uid": "mqtt:topic"
      }
    }
  },
  "mqtt:topic:03a1395228:1270f64336": {
    "class": "org.openhab.core.thing.internal.ThingImpl",
    "value": {
      "label": "Stop Brewer 1",
      "bridgeUID": {
        "segments": [
          "mqtt",
          "broker",
          "03a1395228"
        ],
        "uid": "mqtt:broker:03a1395228"
      },
      "channels": [
        {
          "acceptedItemType": "Switch",
          "kind": "STATE",
          "uid": {
            "segments": [
              "mqtt",
              "topic",
              "03a1395228",
              "1270f64336",
              "stopBrewer1"
            ],
            "uid": "mqtt:topic:03a1395228:1270f64336:stopBrewer1"
          },
          "channelTypeUID": {
            "segments": [
              "mqtt",
              "switch"
            ],
            "uid": "mqtt:switch"
          },
          "label": "Stop Brewer 1",
          "description": "",
          "configuration": {
            "properties": {
              "off": "ON",
              "on": "ON"
            }
          },
          "properties": {},
          "defaultTags": [],
          "autoUpdatePolicy": "DEFAULT"
        }
      ],
      "configuration": {
        "properties": {}
      },
      "properties": {},
      "uid": {
        "segments": [
          "mqtt",
          "topic",
          "03a1395228",
          "1270f64336"
        ],
        "uid": "mqtt:topic:03a1395228:1270f64336"
      },
      "thingTypeUID": {
        "segments": [
          "mqtt",
          "topic"
        ],
        "uid": "mqtt:topic"
      }
    }
  },
  "mqtt:broker:03a1395228": {
    "class": "org.openhab.core.thing.internal.BridgeImpl",
    "value": {
      "label": "MQTT Broker",
      "channels": [],
      "configuration": {
        "properties": {
          "lwtQos": 0,
          "publickeypin": true,
          "keepAlive": 60,
          "clientid": "b2bef22a-5444-451a-bc9b-19826890475a",
          "qos": 0,
          "reconnectTime": 60000,
          "host": "broker.hivemq.com",
          "secure": false,
          "certificatepin": true,
          "lwtRetain": true,
          "enableDiscovery": true
        }
      },
      "properties": {},
      "uid": {
        "segments": [
          "mqtt",
          "broker",
          "03a1395228"
        ],
        "uid": "mqtt:broker:03a1395228"
      },
      "thingTypeUID": {
        "segments": [
          "mqtt",
          "broker"
        ],
        "uid": "mqtt:broker"
      }
    }
  },
  "mqtt:topic:03a1395228:a5d0d9b18c": {
    "class": "org.openhab.core.thing.internal.ThingImpl",
    "value": {
      "label": "Light Observe",
      "bridgeUID": {
        "segments": [
          "mqtt",
          "broker",
          "03a1395228"
        ],
        "uid": "mqtt:broker:03a1395228"
      },
      "channels": [
        {
          "acceptedItemType": "Switch",
          "kind": "STATE",
          "uid": {
            "segments": [
              "mqtt",
              "topic",
              "03a1395228",
              "a5d0d9b18c",
              "lightObs"
            ],
            "uid": "mqtt:topic:03a1395228:a5d0d9b18c:lightObs"
          },
          "channelTypeUID": {
            "segments": [
              "mqtt",
              "switch"
            ],
            "uid": "mqtt:switch"
          },
          "label": "Light Observer",
          "description": "",
          "configuration": {
            "properties": {}
          },
          "properties": {},
          "defaultTags": [],
          "autoUpdatePolicy": "DEFAULT"
        }
      ],
      "configuration": {
        "properties": {}
      },
      "properties": {},
      "uid": {
        "segments": [
          "mqtt",
          "topic",
          "03a1395228",
          "a5d0d9b18c"
        ],
        "uid": "mqtt:topic:03a1395228:a5d0d9b18c"
      },
      "thingTypeUID": {
        "segments": [
          "mqtt",
          "topic"
        ],
        "uid": "mqtt:topic"
      },
      "location": "Stocker"
    }
  },
  "mqtt:topic:03a1395228:786c2746bf": {
    "class": "org.openhab.core.thing.internal.ThingImpl",
    "value": {
      "label": "Temperature Update Brewer 0",
      "bridgeUID": {
        "segments": [
          "mqtt",
          "broker",
          "03a1395228"
        ],
        "uid": "mqtt:broker:03a1395228"
      },
      "channels": [
        {
          "acceptedItemType": "Switch",
          "kind": "STATE",
          "uid": {
            "segments": [
              "mqtt",
              "topic",
              "03a1395228",
              "786c2746bf",
              "tempUpdateBrewer0"
            ],
            "uid": "mqtt:topic:03a1395228:786c2746bf:tempUpdateBrewer0"
          },
          "channelTypeUID": {
            "segments": [
              "mqtt",
              "switch"
            ],
            "uid": "mqtt:switch"
          },
          "label": "Temperature Update Brewer 0",
          "description": "",
          "configuration": {
            "properties": {
              "off": "ON",
              "on": "ON"
            }
          },
          "properties": {},
          "defaultTags": [],
          "autoUpdatePolicy": "DEFAULT"
        }
      ],
      "configuration": {
        "properties": {}
      },
      "properties": {},
      "uid": {
        "segments": [
          "mqtt",
          "topic",
          "03a1395228",
          "786c2746bf"
        ],
        "uid": "mqtt:topic:03a1395228:786c2746bf"
      },
      "thingTypeUID": {
        "segments": [
          "mqtt",
          "topic"
        ],
        "uid": "mqtt:topic"
      }
    }
  },
  "mqtt:topic:03a1395228:8b6eeff272": {
    "class": "org.openhab.core.thing.internal.ThingImpl",
    "value": {
      "label": "Fire Observe",
      "bridgeUID": {
        "segments": [
          "mqtt",
          "broker",
          "03a1395228"
        ],
        "uid": "mqtt:broker:03a1395228"
      },
      "channels": [
        {
          "acceptedItemType": "Switch",
          "kind": "STATE",
          "uid": {
            "segments": [
              "mqtt",
              "topic",
              "03a1395228",
              "8b6eeff272",
              "fireObs"
            ],
            "uid": "mqtt:topic:03a1395228:8b6eeff272:fireObs"
          },
          "channelTypeUID": {
            "segments": [
              "mqtt",
              "switch"
            ],
            "uid": "mqtt:switch"
          },
          "label": "Fire Observe",
          "description": "",
          "configuration": {
            "properties": {}
          },
          "properties": {},
          "defaultTags": [],
          "autoUpdatePolicy": "DEFAULT"
        }
      ],
      "configuration": {
        "properties": {}
      },
      "properties": {},
      "uid": {
        "segments": [
          "mqtt",
          "topic",
          "03a1395228",
          "8b6eeff272"
        ],
        "uid": "mqtt:topic:03a1395228:8b6eeff272"
      },
      "thingTypeUID": {
        "segments": [
          "mqtt",
          "topic"
        ],
        "uid": "mqtt:topic"
      },
      "location": "Stocker"
    }
  },
  "mqtt:topic:03a1395228:d8c45f6193": {
    "class": "org.openhab.core.thing.internal.ThingImpl",
    "value": {
      "label": "Temperature Observer Brewer 0",
      "bridgeUID": {
        "segments": [
          "mqtt",
          "broker",
          "03a1395228"
        ],
        "uid": "mqtt:broker:03a1395228"
      },
      "channels": [
        {
          "acceptedItemType": "Switch",
          "kind": "STATE",
          "uid": {
            "segments": [
              "mqtt",
              "topic",
              "03a1395228",
              "d8c45f6193",
              "temperatureObsBrewer0"
            ],
            "uid": "mqtt:topic:03a1395228:d8c45f6193:temperatureObsBrewer0"
          },
          "channelTypeUID": {
            "segments": [
              "mqtt",
              "switch"
            ],
            "uid": "mqtt:switch"
          },
          "label": "Temperature Observer Brewer 0",
          "description": "",
          "configuration": {
            "properties": {}
          },
          "properties": {},
          "defaultTags": [],
          "autoUpdatePolicy": "DEFAULT"
        }
      ],
      "configuration": {
        "properties": {}
      },
      "properties": {},
      "uid": {
        "segments": [
          "mqtt",
          "topic",
          "03a1395228",
          "d8c45f6193"
        ],
        "uid": "mqtt:topic:03a1395228:d8c45f6193"
      },
      "thingTypeUID": {
        "segments": [
          "mqtt",
          "topic"
        ],
        "uid": "mqtt:topic"
      }
    }
  },
  "mqtt:topic:03a1395228:4ff0f1eb2a": {
    "class": "org.openhab.core.thing.internal.ThingImpl",
    "value": {
      "label": "Switch Stocker Control",
      "bridgeUID": {
        "segments": [
          "mqtt",
          "broker",
          "03a1395228"
        ],
        "uid": "mqtt:broker:03a1395228"
      },
      "channels": [
        {
          "acceptedItemType": "Switch",
          "kind": "STATE",
          "uid": {
            "segments": [
              "mqtt",
              "topic",
              "03a1395228",
              "4ff0f1eb2a",
              "switchStockerControl"
            ],
            "uid": "mqtt:topic:03a1395228:4ff0f1eb2a:switchStockerControl"
          },
          "channelTypeUID": {
            "segments": [
              "mqtt",
              "switch"
            ],
            "uid": "mqtt:switch"
          },
          "label": "Switch Stocker Control",
          "description": "",
          "configuration": {
            "properties": {
              "off": "OFF",
              "on": "ON"
            }
          },
          "properties": {},
          "defaultTags": [],
          "autoUpdatePolicy": "DEFAULT"
        }
      ],
      "configuration": {
        "properties": {}
      },
      "properties": {},
      "uid": {
        "segments": [
          "mqtt",
          "topic",
          "03a1395228",
          "4ff0f1eb2a"
        ],
        "uid": "mqtt:topic:03a1395228:4ff0f1eb2a"
      },
      "thingTypeUID": {
        "segments": [
          "mqtt",
          "topic"
        ],
        "uid": "mqtt:topic"
      }
    }
  }
}