{
  "minTempRecipeBrewer1": {
    "class": "org.openhab.core.items.ManagedItemProvider$PersistedItem",
    "value": {
      "groupNames": [],
      "itemType": "Number:Temperature",
      "tags": [],
      "label": "Minimum Temp Recipe Br 1",
      "category": "temperature"
    }
  },
  "TemperatureObserverBrewer0": {
    "class": "org.openhab.core.items.ManagedItemProvider$PersistedItem",
    "value": {
      "groupNames": [],
      "itemType": "Switch",
      "tags": [
        "Point"
      ],
      "label": "Temperature Observer Brewer 0",
      "category": "switch"
    }
  },
  "minTempRecipeBrewer2": {
    "class": "org.openhab.core.items.ManagedItemProvider$PersistedItem",
    "value": {
      "groupNames": [],
      "itemType": "Number:Temperature",
      "tags": [],
      "label": "Min Temp Recipe Brewer 2",
      "category": "temperature"
    }
  },
  "TemperatureObserverBrewer1": {
    "class": "org.openhab.core.items.ManagedItemProvider$PersistedItem",
    "value": {
      "groupNames": [],
      "itemType": "Switch",
      "tags": [
        "Point"
      ],
      "label": "Temperature Observer Brewer 1",
      "category": "switch"
    }
  },
  "LightUpdateStocker": {
    "class": "org.openhab.core.items.ManagedItemProvider$PersistedItem",
    "value": {
      "groupNames": [],
      "itemType": "Switch",
      "tags": [
        "Point"
      ],
      "label": "Light Update",
      "category": ""
    }
  },
  "checkBrewerID": {
    "class": "org.openhab.core.items.ManagedItemProvider$PersistedItem",
    "value": {
      "groupNames": [],
      "itemType": "Number",
      "tags": [],
      "label": "Check Brewer ID",
      "category": ""
    }
  },
  "stateLabelBrewer0": {
    "class": "org.openhab.core.items.ManagedItemProvider$PersistedItem",
    "value": {
      "groupNames": [],
      "itemType": "String",
      "tags": [],
      "label": "State Label Brewer 1",
      "category": ""
    }
  },
  "FireUpdateStocker": {
    "class": "org.openhab.core.items.ManagedItemProvider$PersistedItem",
    "value": {
      "groupNames": [],
      "itemType": "Switch",
      "tags": [
        "Point"
      ],
      "label": "Fire Update",
      "category": ""
    }
  },
  "StopBrewer1_StopBrewer1": {
    "class": "org.openhab.core.items.ManagedItemProvider$PersistedItem",
    "value": {
      "groupNames": [],
      "itemType": "Switch",
      "tags": [
        "Point"
      ],
      "label": "Stop Brewer 1",
      "category": "switch"
    }
  },
  "TemperatureUpdateStocker": {
    "class": "org.openhab.core.items.ManagedItemProvider$PersistedItem",
    "value": {
      "groupNames": [],
      "itemType": "Switch",
      "tags": [
        "Point"
      ],
      "label": "Temperature Update",
      "category": ""
    }
  },
  "stateLabelBeltBrewer10": {
    "class": "org.openhab.core.items.ManagedItemProvider$PersistedItem",
    "value": {
      "groupNames": [],
      "itemType": "String",
      "tags": [],
      "label": "State Label Belt Brewer 2",
      "category": ""
    }
  },
  "HumidityObserve": {
    "class": "org.openhab.core.items.ManagedItemProvider$PersistedItem",
    "value": {
      "groupNames": [],
      "itemType": "Switch",
      "tags": [
        "Switch",
        "Humidity"
      ],
      "label": "Humidity Observe",
      "category": "switch"
    }
  },
  "SwitchStockerControl": {
    "class": "org.openhab.core.items.ManagedItemProvider$PersistedItem",
    "value": {
      "groupNames": [],
      "itemType": "Switch",
      "tags": [
        "Point"
      ],
      "label": "Switch Stocker Control",
      "category": "switch"
    }
  },
  "nameRecipe": {
    "class": "org.openhab.core.items.ManagedItemProvider$PersistedItem",
    "value": {
      "groupNames": [],
      "itemType": "String",
      "tags": [],
      "label": "Name Recipe",
      "category": ""
    }
  },
  "lightSensor": {
    "class": "org.openhab.core.items.ManagedItemProvider$PersistedItem",
    "value": {
      "groupNames": [],
      "itemType": "Number",
      "tags": [],
      "label": "Light Sensor",
      "category": "light"
    }
  },
  "FireObserve": {
    "class": "org.openhab.core.items.ManagedItemProvider$PersistedItem",
    "value": {
      "groupNames": [],
      "itemType": "Switch",
      "tags": [
        "Switch"
      ],
      "label": "Fire Observe",
      "category": "switch"
    }
  },
  "StopBrewer2_StopBrewer2": {
    "class": "org.openhab.core.items.ManagedItemProvider$PersistedItem",
    "value": {
      "groupNames": [],
      "itemType": "Switch",
      "tags": [
        "Point"
      ],
      "label": "Stop Brewer 2",
      "category": "switch"
    }
  },
  "maxTempRecipe": {
    "class": "org.openhab.core.items.ManagedItemProvider$PersistedItem",
    "value": {
      "groupNames": [],
      "itemType": "Number:Temperature",
      "tags": [],
      "label": "Maximum Temperature Recipe",
      "category": "temperature"
    }
  },
  "stateConnectionBelt0": {
    "class": "org.openhab.core.items.ManagedItemProvider$PersistedItem",
    "value": {
      "groupNames": [],
      "itemType": "String",
      "tags": [],
      "label": "State Connection Belt 1",
      "category": ""
    }
  },
  "durationFermentation": {
    "class": "org.openhab.core.items.ManagedItemProvider$PersistedItem",
    "value": {
      "groupNames": [],
      "itemType": "Number",
      "tags": [],
      "label": "Duration Fermentation",
      "category": ""
    }
  },
  "minTempRecipe": {
    "class": "org.openhab.core.items.ManagedItemProvider$PersistedItem",
    "value": {
      "groupNames": [],
      "itemType": "Number:Temperature",
      "tags": [],
      "label": "Minimum Temperature Recipe",
      "category": "temperature"
    }
  },
  "temperaturestocker": {
    "class": "org.openhab.core.items.ManagedItemProvider$PersistedItem",
    "value": {
      "groupNames": [],
      "itemType": "Number:Temperature",
      "tags": [],
      "label": "Temperature Stocker",
      "category": "temperature"
    }
  },
  "stateLabelBeltBrewer0": {
    "class": "org.openhab.core.items.ManagedItemProvider$PersistedItem",
    "value": {
      "groupNames": [],
      "itemType": "String",
      "tags": [],
      "label": "State Label Belt Brewer 1",
      "category": ""
    }
  },
  "fireSensor": {
    "class": "org.openhab.core.items.ManagedItemProvider$PersistedItem",
    "value": {
      "groupNames": [],
      "itemType": "String",
      "tags": [],
      "label": "Fire Sensor",
      "category": "fire"
    }
  },
  "brewerID": {
    "class": "org.openhab.core.items.ManagedItemProvider$PersistedItem",
    "value": {
      "groupNames": [],
      "itemType": "Number",
      "tags": [],
      "label": "Brewer ID",
      "category": ""
    }
  },
  "TemperatureUpdateBrewer1": {
    "class": "org.openhab.core.items.ManagedItemProvider$PersistedItem",
    "value": {
      "groupNames": [],
      "itemType": "Switch",
      "tags": [
        "Point"
      ],
      "label": "Temperature Update Brewer 1",
      "category": "switch"
    }
  },
  "TemperatureUpdateBrewer0": {
    "class": "org.openhab.core.items.ManagedItemProvider$PersistedItem",
    "value": {
      "groupNames": [],
      "itemType": "Switch",
      "tags": [
        "Point"
      ],
      "label": "Temperature Update Brewer 0",
      "category": "switch"
    }
  },
  "HumidityUpdateStocker": {
    "class": "org.openhab.core.items.ManagedItemProvider$PersistedItem",
    "value": {
      "groupNames": [],
      "itemType": "Switch",
      "tags": [
        "Point"
      ],
      "label": "Humidity Update",
      "category": "switch"
    }
  },
  "temperatureBewer1": {
    "class": "org.openhab.core.items.ManagedItemProvider$PersistedItem",
    "value": {
      "groupNames": [],
      "itemType": "Number:Temperature",
      "tags": [],
      "label": "Temperature Brewer 1",
      "category": "temperature"
    }
  },
  "maxTempRecipeBrewer2": {
    "class": "org.openhab.core.items.ManagedItemProvider$PersistedItem",
    "value": {
      "groupNames": [],
      "itemType": "Number:Temperature",
      "tags": [],
      "label": "Max Temp Recipe Brewer 2",
      "category": ""
    }
  },
  "TemperatureObserve": {
    "class": "org.openhab.core.items.ManagedItemProvider$PersistedItem",
    "value": {
      "groupNames": [],
      "itemType": "Switch",
      "tags": [
        "Switch"
      ],
      "label": "Temperature Observe",
      "category": "switch"
    }
  },
  "maxTempRecipeBrewer1": {
    "class": "org.openhab.core.items.ManagedItemProvider$PersistedItem",
    "value": {
      "groupNames": [],
      "itemType": "Number:Temperature",
      "tags": [],
      "label": "Max Temp Recipe Brewer 1",
      "category": ""
    }
  },
  "timerBrewer1": {
    "class": "org.openhab.core.items.ManagedItemProvider$PersistedItem",
    "value": {
      "groupNames": [],
      "itemType": "String",
      "tags": [],
      "label": "Timer Brewer 1",
      "category": ""
    }
  },
  "temperatureBewer0": {
    "class": "org.openhab.core.items.ManagedItemProvider$PersistedItem",
    "value": {
      "groupNames": [],
      "itemType": "Number:Temperature",
      "tags": [],
      "label": "Temperature Brewer 0",
      "category": "temperature"
    }
  },
  "timerBrewer2": {
    "class": "org.openhab.core.items.ManagedItemProvider$PersistedItem",
    "value": {
      "groupNames": [],
      "itemType": "String",
      "tags": [],
      "label": "Timer Brewer 2",
      "category": ""
    }
  },
  "stateLabelBrewer10": {
    "class": "org.openhab.core.items.ManagedItemProvider$PersistedItem",
    "value": {
      "groupNames": [],
      "itemType": "String",
      "tags": [],
      "label": "State Label Brewer 2",
      "category": ""
    }
  },
  "stateConnectionBrewer2": {
    "class": "org.openhab.core.items.ManagedItemProvider$PersistedItem",
    "value": {
      "groupNames": [],
      "itemType": "String",
      "tags": [],
      "label": "State Connection Brewer 2",
      "category": ""
    }
  },
  "nameRecipeBrewer1": {
    "class": "org.openhab.core.items.ManagedItemProvider$PersistedItem",
    "value": {
      "groupNames": [],
      "itemType": "String",
      "tags": [],
      "label": "Name Recipe Brewer 1",
      "category": ""
    }
  },
  "nameRecipeBrewer2": {
    "class": "org.openhab.core.items.ManagedItemProvider$PersistedItem",
    "value": {
      "groupNames": [],
      "itemType": "String",
      "tags": [],
      "label": "Name Recipe Brewer 2",
      "category": ""
    }
  },
  "stateConnectionBelt10": {
    "class": "org.openhab.core.items.ManagedItemProvider$PersistedItem",
    "value": {
      "groupNames": [],
      "itemType": "String",
      "tags": [],
      "label": "State Connection Belt 2",
      "category": ""
    }
  },
  "stateConnectionBrewer1": {
    "class": "org.openhab.core.items.ManagedItemProvider$PersistedItem",
    "value": {
      "groupNames": [],
      "itemType": "String",
      "tags": [],
      "label": "State Connection Brewer 1",
      "category": ""
    }
  },
  "LightObserve": {
    "class": "org.openhab.core.items.ManagedItemProvider$PersistedItem",
    "value": {
      "groupNames": [],
      "itemType": "Switch",
      "tags": [
        "Control",
        "Light"
      ],
      "label": "Light Observer",
      "category": "switch"
    }
  },
  "checkBrewerAvailable": {
    "class": "org.openhab.core.items.ManagedItemProvider$PersistedItem",
    "value": {
      "groupNames": [],
      "itemType": "String",
      "tags": [],
      "label": "Check Brewer Available",
      "category": ""
    }
  },
  "humidityStocker": {
    "class": "org.openhab.core.items.ManagedItemProvider$PersistedItem",
    "value": {
      "groupNames": [],
      "itemType": "Number",
      "tags": [],
      "label": "Humidity Stocker",
      "category": "humidity"
    }
  },
  "stateLabelStocker": {
    "class": "org.openhab.core.items.ManagedItemProvider$PersistedItem",
    "value": {
      "groupNames": [],
      "itemType": "String",
      "tags": [],
      "label": "State Label Stocker",
      "category": ""
    }
  }
}