{
  "overview": {
    "class": "org.openhab.core.ui.components.RootUIComponent",
    "value": {
      "uid": "overview",
      "timestamp": "Jul 2, 2021, 6:05:49 PM",
      "component": "oh-layout-page",
      "config": {
        "label": "Overview",
        "layoutType": "responsive"
      },
      "slots": {
        "default": [
          {
            "component": "oh-block",
            "config": {},
            "slots": {
              "default": [
                {
                  "component": "oh-grid-cells",
                  "config": {},
                  "slots": {
                    "default": []
                  }
                },
                {
                  "component": "oh-grid-cells",
                  "config": {},
                  "slots": {
                    "default": []
                  }
                }
              ]
            }
          }
        ]
      }
    }
  }
}